"0","#calculating the mean and the median"
"0",""
"0","mar_mean<-mean(bmi_mar$bmi[bmi_mar$ever_married==""Yes""], na.rm=TRUE)"
"0","mar_median<-median(bmi_mar$bmi[bmi_mar$ever_married==""Yes""], na.rm=TRUE)"
"0","unmar_mean<-mean(bmi_mar$bmi[bmi_mar$ever_married!=""Yes""], na.rm=TRUE)"
"0","unmar_median<-median(bmi_mar$bmi[bmi_mar$ever_married!=""Yes""], na.rm=TRUE)"
"0",""
"0",""
"0",""
"0","#Combine all datasets you want to visualize into a single data frame. This data frame should have one #column with all the data values and another column indicating the source dataset or category for each #value."
"0","df <- data.frame("
"0","  value = c(bmi_mar$bmi[bmi_mar$ever_married==""Yes""], bmi_mar$bmi[bmi_mar$ever_married!=""Yes""]),"
"0","  category = factor(c(rep(""married"", length(bmi_mar$bmi[bmi_mar$ever_married==""Yes""])), "
"0","                      rep(""unmarried"", length(bmi_mar$bmi[bmi_mar$ever_married!=""Yes""]))))"
"0",")"
"0",""
"0",""
"0","#Use the ggplot() function to initiate the plot. Define which column of the data frame represents the #data values and which one represents the categories. This is typically done using the aes() function."
"0","#For each dataset or category you want to visualize, add a geom_histogram() layer to the plot. Use the #data=subset(df, category==""your_category_name"") argument to specify which subset of the data to use #for each histogram."
"0","#To make sure the histograms are distinguishable when overlaid, adjust their transparency with the alpha argument (e.g., alpha=0.5)."
"0","p <- ggplot(bmi_mar, aes(x=bmi, fill=ever_married)) +"
"0","  geom_histogram(alpha=0.5, position=""identity"", bins=40) +"
"0","  "
"0","  "
"0","  scale_fill_manual(values=c(""red"", ""green4""))+"
"0","  "
"0","  geom_vline(aes(xintercept=mar_mean), color=""green4"", linetype=""dashed"", size=1, show.legend=TRUE, label=""Mean Married"") +"
"0","  geom_vline(aes(xintercept=mar_median), color=""green4"", linetype=""solid"", size=1, show.legend=TRUE, label=""Mean Married"") +"
"0","  geom_vline(aes(xintercept=unmar_mean), color=""red"", linetype=""dashed"", size=1, show.legend=TRUE, label=""Mean Unmarried"") +"
"0","  geom_vline(aes(xintercept=unmar_median), color=""red"", linetype=""solid"", size=1, show.legend=TRUE, label=""Mean Unmarried"") +"
"0","  theme_minimal() +"
"0","  labs(title = ""Histograms by Marital Status with Mean and Median"", x = ""BMI Value"", y = ""Count"")"
"2","Warning: [38;5;232mIgnoring unknown parameters: `label`[39m"
"2","Warning: [38;5;232mIgnoring unknown parameters: `label`[39m"
"2","Warning: [38;5;232mIgnoring unknown parameters: `label`[39m"
"2","Warning: [38;5;232mIgnoring unknown parameters: `label`[39m"
"0","print(p)"
